{
  "topology_description": {
    "type": "ReplicaSetNoPrimary",
    "servers": [
      {
        "address": "a:27017",
        "type": "RSSecondary",
        "avg_rtt_ms": 5,
        "lastUpdateTime": 0,
        "maxWireVersion": 5,
        "lastWrite": {
          "lastWriteDate": {
            "$numberLong": "2"
          }
        }
      },
      {
        "address": "b:27017",
        "type": "RSSecondary",
        "avg_rtt_ms": 5,
        "lastUpdateTime": 0,
        "maxWireVersion": 4,
        "lastWrite": {
          "lastWriteDate": {
            "$numberLong": "1"
          }
        }
      }
    ]
  },
  "read_preference": {
    "mode": "Nearest",
    "maxStalenessSeconds": 120
  },
  "error": true
}
