{
  "description": "Non replicaSet member responds",
  "uri": "mongodb://a,b/?replicaSet=rs",
  "phases": [
    {
      "responses": [
        [
          "b:27017",
          {
            "ok": 1,
            "minWireVersion": 0,
            "maxWireVersion": 6
          }
        ]
      ],
      "outcome": {
        "servers": {
          "a:27017": {
            "type": "Unknown",
            "setName": null
          }
        },
        "topologyType": "ReplicaSetNoPrimary",
        "logicalSessionTimeoutMinutes": null,
        "setName": "rs"
      }
    }
  ]
}
