{
    "description": "DBRef",
    "bson_type": "0x03",
    "valid": [
        {
            "description": "DBRef",
            "canonical_bson": "37000000036462726566002B0000000224726566000B000000636F6C6C656374696F6E00072469640058921B3E6E32AB156A22B59E0000",
            "canonical_extjson": "{\"dbref\": {\"$ref\": \"collection\", \"$id\": {\"$oid\": \"58921b3e6e32ab156a22b59e\"}}}"
        },
        {
            "description": "DBRef with database",
            "canonical_bson": "4300000003646272656600370000000224726566000B000000636F6C6C656374696F6E00072469640058921B3E6E32AB156A22B59E0224646200030000006462000000",
            "canonical_extjson": "{\"dbref\": {\"$ref\": \"collection\", \"$id\": {\"$oid\": \"58921b3e6e32ab156a22b59e\"}, \"$db\": \"db\"}}"
        },
        {
            "description": "DBRef with database and additional fields",
            "canonical_bson": "48000000036462726566003C0000000224726566000B000000636F6C6C656374696F6E0010246964002A00000002246462000300000064620002666F6F0004000000626172000000",
            "canonical_extjson": "{\"dbref\": {\"$ref\": \"collection\", \"$id\": {\"$numberInt\": \"42\"}, \"$db\": \"db\", \"foo\": \"bar\"}}"
        },
        {
            "description": "DBRef with additional fields",
            "canonical_bson": "4400000003646272656600380000000224726566000B000000636F6C6C656374696F6E00072469640058921B3E6E32AB156A22B59E02666F6F0004000000626172000000",
            "canonical_extjson": "{\"dbref\": {\"$ref\": \"collection\", \"$id\": {\"$oid\": \"58921b3e6e32ab156a22b59e\"}, \"foo\": \"bar\"}}"
        },
        {
            "description": "Document with key names similar to those of a DBRef",
            "canonical_bson": "3E0000000224726566000C0000006E6F742D612D646272656600072469640058921B3E6E32AB156A22B59E022462616E616E6100050000007065656C0000",
            "canonical_extjson": "{\"$ref\": \"not-a-dbref\", \"$id\": {\"$oid\": \"58921b3e6e32ab156a22b59e\"}, \"$banana\": \"peel\"}"
        }
    ]
}
